1	Sophia	F129,M111
2	Emma	
3	Olivia	
4	Isabella	
5	Ava	
6	Mia	F186
7	Emily	
8	Abigail	
9	Madison	M127
10	Elizabeth	
11	Charlotte	F194,M122
12	Avery	
13	Sofia	
14	Chloe	
15	Ella	
16	Harper	
17	Amelia	
18	Aubrey	
19	Addison	F54
20	Evelyn	
21	Natalie	
22	Grace	
23	Hannah	
24	Zoey	
25	Victoria	
26	Lillian	M161
27	Lily	F161
28	Brooklyn	
29	Samantha	
30	Layla	F37
31	Zoe	
32	Audrey	
33	Leah	
34	Allison	
35	Anna	F93
36	Aaliyah	F89
37	Savannah	F30,F138,M154
38	Gabriella	
39	Camila	F137,M196
40	Aria	F84
41	Kaylee	
42	Scarlett	
43	Hailey	
44	Arianna	
45	Riley	M170
46	Alexis	
47	Nevaeh	
48	Sarah	
49	Claire	
50	Sadie	
51	Peyton	
52	Aubree	
53	Serenity	
54	Ariana	M113,M1,F19
55	Genesis	M148
56	Penelope	
57	Alyssa	
58	Bella	M60
59	Taylor	F90,F95
60	Alexa	M117
61	Kylie	
62	Mackenzie	
63	Caroline	
64	Kennedy	M198
65	Autumn	
66	Lucy	
67	Ashley	
68	Madelyn	M13
69	Violet	
70	Stella	M23
71	Brianna	
72	Maya	
73	Skylar	
74	Ellie	
75	Julia	
76	Sophie	
77	Katherine	
78	Mila	M171
79	Khloe	
80	Paisley	
81	Annabelle	M56
82	Alexandra	
83	Nora	
84	Melanie	F40
85	London	
86	Gianna	M200,M135
87	Naomi	
88	Eva	
89	Faith	F36
90	Madeline	F59
91	Lauren	F125,F196
92	Nicole	
93	Ruby	F35
94	Makayla	
95	Kayla	F118,F59
96	Lydia	F155
97	Piper	
98	Sydney	M79,M78
99	Jocelyn	
100	Morgan	M95
101	Kimberly	M93,M111,M41
102	Molly	M67
103	Jasmine	
104	Reagan	M76
105	Bailey	F115
106	Eleanor	F115
107	Alice	F139
108	Trinity	
109	Rylee	
110	Andrea	
111	Hadley	F177
112	Maria	
113	Brooke	M112
114	Mariah	M91
115	Isabelle	F106,F105,M97
116	Brielle	
117	Mya	M61
118	Quinn	F95
119	Vivian	F179
120	Natalia	
121	Mary	F140
122	Liliana	F168
123	Payton	
124	Lilly	
125	Eliana	F91
126	Jade	M32
127	Cora	
128	Paige	
129	Valentina	F1,M26
130	Kendall	
131	Clara	
132	Elena	
133	Jordyn	
134	Kaitlyn	
135	Delilah	M93,M54
136	Isabel	F175
137	Destiny	F39
138	Rachel	F37
139	Amy	F107
140	Mckenzie	F121
141	Gabrielle	
142	Brooklynn	M195
143	Katelyn	M26
144	Laila	
145	Aurora	
146	Ariel	
147	Angelina	F190
148	Aliyah	
149	Juliana	
150	Vanessa	
151	Adriana	
152	Ivy	M141
153	Lyla	
154	Sara	
155	Willow	F96
156	Reese	
157	Hazel	
158	Eden	
159	Elise	
160	Josephine	
161	Kinsley	F27,M122
162	Ximena	
163	Jessica	
164	Londyn	
165	Makenzie	
166	Gracie	
167	Isla	
168	Michelle	F122,M95
169	Valerie	M176
170	Kylee	
171	Melody	
172	Catherine	
173	Adalynn	
174	Jayla	
175	Alexia	F136
176	Valeria	
177	Adalyn	M198,F111
178	Rebecca	
179	Izabella	F119
180	Alaina	
181	Margaret	
182	Alana	
183	Alivia	
184	Kate	M149
185	Luna	
186	Norah	F6
187	Kendra	
188	Summer	
189	Ryleigh	
190	Julianna	F147
191	Jennifer	
192	Lila	
193	Hayden	F194
194	Emery	F193,F11
195	Stephanie	
196	Angela	F91
197	Fiona	
198	Daisy	
199	Presley	
200	Eliza	M115
